<ImportExportXml xmlns:xsi="http://www.w3.org/2001/XMLSchema-instance">
  <Entities></Entities>
  <Roles></Roles>
  <Workflows></Workflows>
  <FieldSecurityProfiles></FieldSecurityProfiles>
  <Templates />
  <EntityMaps />
  <EntityRelationships />
  <OrganizationSettings />
  <optionsets />
  <WebResources>
    <WebResource>
      <WebResourceId>{05c5f6bf-58dd-e711-811d-5065f38b15f1}</WebResourceId>
      <Name>itlec_advancedoptionsetcontrol.html</Name>
      <DisplayName>AdvancedOptionSetControl.html</DisplayName>
      <WebResourceType>1</WebResourceType>
      <IntroducedVersion>2017.07.06</IntroducedVersion>
      <IsEnabledForMobileClient>0</IsEnabledForMobileClient>
      <IsAvailableForMobileOffline>0</IsAvailableForMobileOffline>
      <DependencyXml>&lt;Dependencies&gt;&lt;Dependency componentType="WebResource" /&gt;&lt;/Dependencies&gt;</DependencyXml>
      <IsCustomizable>1</IsCustomizable>
      <CanBeDeleted>1</CanBeDeleted>
      <IsHidden>0</IsHidden>
      <FileName>/WebResources/itlec_advancedoptionsetcontrolhtml05C5F6BF-58DD-E711-811D-5065F38B15F1</FileName>
    </WebResource>
    <WebResource>
      <WebResourceId>{db9879e7-fdbc-e711-810a-5065f38b3601}</WebResourceId>
      <Name>itlec_utils.js</Name>
      <DisplayName>ITLec.Xrm.JS</DisplayName>
      <WebResourceType>3</WebResourceType>
      <IntroducedVersion>2017.07.06</IntroducedVersion>
      <IsEnabledForMobileClient>0</IsEnabledForMobileClient>
      <IsAvailableForMobileOffline>0</IsAvailableForMobileOffline>
      <DependencyXml>&lt;Dependencies&gt;&lt;Dependency componentType="WebResource"/&gt;&lt;/Dependencies&gt;</DependencyXml>
      <IsCustomizable>1</IsCustomizable>
      <CanBeDeleted>1</CanBeDeleted>
      <IsHidden>0</IsHidden>
      <FileName>/WebResources/itlec_utilsjsDB9879E7-FDBC-E711-810A-5065F38B3601</FileName>
    </WebResource>
  </WebResources>
  <Languages>
    <Language>1033</Language>
  </Languages>
</ImportExportXml>