<ImportExportXml xmlns:xsi="http://www.w3.org/2001/XMLSchema-instance">
  <Entities></Entities>
  <Roles></Roles>
  <Workflows></Workflows>
  <FieldSecurityProfiles></FieldSecurityProfiles>
  <Templates />
  <EntityMaps />
  <EntityRelationships />
  <OrganizationSettings />
  <optionsets />
  <WebResources>
    <WebResource>
      <WebResourceId>{f896ebb3-2c96-e711-80e4-1458d043a400}</WebResourceId>
      <Name>itlec_utils.js</Name>
      <DisplayName>ITLec Util JS</DisplayName>
      <WebResourceType>3</WebResourceType>
      <IntroducedVersion>1.0.0.0</IntroducedVersion>
      <IsEnabledForMobileClient>0</IsEnabledForMobileClient>
      <IsCustomizable>1</IsCustomizable>
      <CanBeDeleted>1</CanBeDeleted>
      <IsHidden>0</IsHidden>
      <FileName>/WebResources/itlec_utilsjsF896EBB3-2C96-E711-80E4-1458D043A400</FileName>
    </WebResource>
    <WebResource>
      <WebResourceId>{b64b4908-2d96-e711-80e4-1458d043a400}</WebResourceId>
      <Name>itlec_AllEntitiesControl.html</Name>
      <DisplayName>AllEntitiesControl.html</DisplayName>
      <WebResourceType>1</WebResourceType>
      <IntroducedVersion>1.0.0.0</IntroducedVersion>
      <IsEnabledForMobileClient>0</IsEnabledForMobileClient>
      <IsCustomizable>1</IsCustomizable>
      <CanBeDeleted>1</CanBeDeleted>
      <IsHidden>0</IsHidden>
      <FileName>/WebResources/itlec_AllEntitiesControlhtmlB64B4908-2D96-E711-80E4-1458D043A400</FileName>
    </WebResource>
  </WebResources>
  <Languages>
    <Language>1033</Language>
  </Languages>
</ImportExportXml>